{
	"ambientocclusion": false,
	"textures": {
		"flowerbed": "biomesoplenty:block/clover",
		"stem": "biomesoplenty:block/clover_stem",
		"particle": "#flowerbed"
	},
	"elements": [
		{
			"from": [8, 2, 0],
			"to": [16, 2, 8],
			"faces": {
				"up": {"uv": [8, 0, 16, 8], "texture": "#flowerbed", "tintindex": 1},
				"down": {"uv": [8, 8, 16, 0], "texture": "#flowerbed", "tintindex": 1}
			}
		},
		{
			"from": [13.2, 0, -9.9],
			"to": [13.2, 2, -8.9],
			"rotation": {"angle": -45, "axis": "y", "origin": [-1, 0, -3]},
			"faces": {
				"east": {"uv": [0, 5, 1, 7], "texture": "#stem", "tintindex": 1},
				"west": {"uv": [0, 5, 1, 7], "texture": "#stem", "tintindex": 1}
			}
		},
		{
			"from": [12.7, 0, -9.4],
			"to": [13.7, 2, -9.4],
			"rotation": {"angle": -45, "axis": "y", "origin": [-1, 0, -3]},
			"faces": {
				"north": {"uv": [0, 5, 1, 7], "texture": "#stem", "tintindex": 1},
				"south": {"uv": [0, 5, 1, 7], "texture": "#stem", "tintindex": 1}
			}
		},
		{
			"from": [13.2, 0, -4.2],
			"to": [13.2, 2, -3.2],
			"rotation": {"angle": -45, "axis": "y", "origin": [-1, 0, -3]},
			"faces": {
				"east": {"uv": [0, 5, 1, 7], "texture": "#stem", "tintindex": 1},
				"west": {"uv": [0, 5, 1, 7], "texture": "#stem", "tintindex": 1}
			}
		},
		{
			"from": [12.7, 0, -3.7],
			"to": [13.7, 2, -3.7],
			"rotation": {"angle": -45, "axis": "y", "origin": [-1, 0, -3]},
			"faces": {
				"north": {"uv": [0, 5, 1, 7], "texture": "#stem", "tintindex": 1},
				"south": {"uv": [0, 5, 1, 7], "texture": "#stem", "tintindex": 1}
			}
		}
	]
}